{"time": 0.5545175075531006, "mse": 0.048390429248309635, "params": [5.243896660130213, 7.245379922178358, 0.5308304282953831, 0.02935216527910069, 5.871847044302934, 14.920778850357095], "no_better": true}