{"mse": 0.04839622430645861, "params": [5.243011672388841, 7.242941421449603, 0.5304441177710784, 0.02934886735376021, 5.869898496908343, 14.917432913653297], "best": true}